{
  "type": "origins:multiple",
  "fire": {
    "type": "origins:invulnerability",
    "name": "Fire Resistance",
    "description": "Your body is immune to fire",
    "damage_condition": {
      "type": "origins:fire"
    }
  },
  "cold_sweat_resistance": {
        "type": "origins:action_on_callback",
        "entity_action_added": {
            "type": "origins:execute_command",
            "command": "attribute @s cold_sweat:heat_resistance base set 1",
            "permission_level": 4
        },
        "entity_action_chosen": {
            "type": "origins:execute_command",
            "command": "attribute @s cold_sweat:heat_resistance base set 1",
            "permission_level": 4
        },
        "entity_action_removed": {
            "type": "origins:execute_command",
            "command": "attribute @s cold_sweat:heat_resistance base set 0",
            "permission_level": 4
        },
        "entity_action_respawned": {
            "type": "origins:execute_command",
            "command": "attribute @s cold_sweat:heat_resistance base set 1",
            "permission_level": 4
        },
        "execute_chosen_when_orb": true
    },
    "cold_sweat_dampening": {
        "type": "origins:action_on_callback",
        "entity_action_added": {
            "type": "origins:execute_command",
            "command": "attribute @s cold_sweat:heat_dampening base set 1",
            "permission_level": 4
        },
        "entity_action_chosen": {
            "type": "origins:execute_command",
            "command": "attribute @s cold_sweat:heat_dampening base set 1",
            "permission_level": 4
        },
        "entity_action_removed": {
            "type": "origins:execute_command",
            "command": "attribute @s cold_sweat:heat_dampening base set 0",
            "permission_level": 4
        },
        "entity_action_respawned": {
            "type": "origins:execute_command",
            "command": "attribute @s cold_sweat:heat_dampening base set 1",
            "permission_level": 4
        },
        "execute_chosen_when_orb": true
    }
}