{
    "type": "origins:multiple",
    "ars_mana": {
        "type": "origins:attribute",
        "modifier": {
            "attribute": "ars_nouveau:ars_nouveau.perk.max_mana",
            "operation": "addition",
            "value": 30
        }
    },
    "irons_mana": {
        "type": "origins:attribute",
        "modifier": {
            "attribute": "irons_spellbooks:max_mana",
            "operation": "addition",
            "value": 30
        }
    },
    "name": "Magic User",
    "description": "You start with +30 mana in every category"
}