{
    "type": "origins:active_self",
    "loading_priority": 10,
    "entity_action": {
        "type": "origins:and",
        "actions": [
            {
                "type": "origins:execute_command",
                "command": "attribute @s ars_nouveau:ars_nouveau.perk.mana_regen base set 2",
                "permission_level": 4
            },
            {
                "type": "origins:execute_command",
                "command": "attribute @s irons_spellbooks:mana_regen base set 2",
                "permission_level": 4
            },
            {
                "type": "origins:delay",
                "ticks": 200,
                "action": {
                    "type": "origins:execute_command",
                    "command": "attribute @s ars_nouveau:ars_nouveau.perk.mana_regen base set 1",
                    "permission_level": 4
                }
            },
            {
                "type": "origins:delay",
                "ticks": 200,
                "action": {
                    "type": "origins:execute_command",
                    "command": "attribute @s irons_spellbooks:mana_regen base set 1",
                    "permission_level": 4
                }
            }
        ]
    },
    "cooldown": 1200,
    "hud_render": {
        "should_render": true,
        "order":1,
        "bar_index": 16,
        "sprite_location": "origins:textures/gui/community/huang/resource_bar_02.png"
    },
    "key": {
        "key": "key.origins.primary_active"
    },
    "name": "Sourcerer",
    "description": "Once a minute you can double your mana regeneration for five seconds"
}