{
	"name": "§2§nPetrifying Gaze",
	"description": "Whatever you do...don't look directly into the eyes of a gorgon.",
	"type": "origins:active_self",
	"entity_action": {
		"type": "origins:and",
		"actions": [
			{
				"type": "origins:execute_command",
				"command": "playsound minecraft:entity.allay.death player @a ~ ~ ~ 0.6 0.5"
			},
			{
				"type": "origins:execute_command",
				"command": "playsound minecraft:entity.ghast.death player @a ~ ~ ~ 0.7 0.8"
			},
			{
				"type": "origins:execute_command",
				"command": "playsound minecraft:entity.witch.death player @a ~ ~ ~ 0.7 0.5"
			},
			{
				"type": "origins:area_of_effect",
				"radius": 5,
				"bientity_action": {
					"type": "origins:target_action",
					"action": {
						"type": "origins:if_else",
						"condition": {
							"type": "origins:entity_type",
							"entity_type": "minecraft:player"
						},
						"if_action": {
							"type": "origins:and",
							"actions": [
								{
									"type": "origins:spawn_particles",
									"particle": {
										"type": "minecraft:poof",
										"params": "0.922 0.314 0.314 2"
									},
									"count": 4,
									"speed": 0.0,
									"force": true,
									"spread": {
										"x": 1.0,
										"y": 0.0,
										"z": 1.0
									}
								},
								{
									"type": "origins:apply_effect",
									"effects": [
										{
											"effect": "cataclysm:stun",
											"duration": 40,
											"amplifier": 0,
											"is_ambient": false,
											"show_particles": false,
											"show_icon": true
										}
									]
								}
							]
						},
						"else_action": {
							"type": "origins:and",
							"actions": [
								{
									"type": "origins:execute_command",
									"command": "data modify entity @s NoAI set value 1"
								},
								{
									"type": "origins:spawn_particles",
									"particle": {
										"type": "minecraft:poof",
										"params": "0.922 0.314 0.314 2"
									},
									"count": 4,
									"speed": 0.0,
									"force": true,
									"spread": {
										"x": 1.0,
										"y": 0.0,
										"z": 1.0
									}
								},
								{
									"type": "origins:delay",
									"ticks": 80,
									"action": {
										"type": "origins:execute_command",
										"command": "data modify entity @s NoAI set value 0"
									}
								}
							]
						}
					}
				},
				"bientity_condition": {
					"type": "origins:and",
					"conditions": [
						{
							"type": "origins:relative_rotation",
							"actor_rotation": "head",
							"target_rotation": "head",
							"comparison": "<=",
							"compare_to": 0
						},
						{
							"type": "origins:can_see"
						},
						{
							"type": "origins:target_condition",
							"condition": {
								"type": "origins:in_tag",
								"tag": "malice_origins:bosses"
							},
							"inverted": true
						}
					]
				}
			}
		]
	},
	"cooldown": 500,
	"hud_render": {
		"sprite_location": "origins:textures/gui/community/spiderkolo/resource_bar_03.png",
		"bar_index": 19,
		"should_render": true
	}
}