{
    "replace": false,
    "values": [
        "minecraft:cod",
        "minecraft:tropical_fish",
        "minecraft:pufferfish",
        "minecraft:salmon",
        "minecraft:cooked_cod",
        "minecraft:cooked_salmon",
        "minecraft:rotten_flesh",
        "minecraft:cod",
        "minecraft:tropical_fish",
        "minecraft:pufferfish",
        "minecraft:salmon",
        "minecraft:beef",
        "minecraft:porkchop",
        "minecraft:mutton",
        "minecraft:chicken",
        "minecraft:rabbit",
        "minecraft:spider_eye",
        {
            "required": false,
            "id": "farmersdelight:minced_beef"
        },
        {
            "required": false,
            "id": "farmersdelight:beef_patty"
        },
        {
            "required": false,
            "id": "farmersdelight:chicken_cuts"
        },
        {
            "required": false,
            "id": "farmersdelight:cooked_chicken_cuts"
        },
        {
            "required": false,
            "id": "farmersdelight:bacon"
        },
        {
            "required": false,
            "id": "farmersdelight:cooked_bacon"
        },
        {
            "required": false,
            "id": "farmersdelight:cod_slice"
        },
        {
            "required": false,
            "id": "farmersdelight:cooked_cod_slice"
        },
        {
            "required": false,
            "id": "farmersdelight:salmon_slice"
        },
        {
            "required": false,
            "id": "farmersdelight:cooked_salmon_slice"
        },
        {
            "required": false,
            "id": "farmersdelight:mutton_chops"
        },
        {
            "required": false,
            "id": "farmersdelight:cooked_mutton_chops"
        },
        {
            "required": false,
            "id": "farmersdelight:ham"
        },
        {
            "required": false,
            "id": "farmersdelight:smoked_ham"
        },
        {
            "required": false,
            "id": "farmersdelight:barbecue_stick"
        },
        {
            "required": false,
            "id": "farmersdelight:egg_sandwich"
        },
        {
            "required": false,
            "id": "farmersdelight:chicken_sandwich"
        },
        {
            "required": false,
            "id": "farmersdelight:hamburger"
        },
        {
            "required": false,
            "id": "farmersdelight:bacon_sandwich"
        },
        {
            "required": false,
            "id": "farmersdelight:mutton_wrap"
        },
        {
            "required": false,
            "id": "farmersdelight:dumplings"
        },
        {
            "required": false,
            "id": "farmersdelight:beef_stew"
        },
        {
            "required": false,
            "id": "farmersdelight:chicken_soup"
        },
        {
            "required": false,
            "id": "farmersdelight:fish_stew"
        },
        {
            "required": false,
            "id": "farmersdelight:baked_cod_stew"
        },
        {
            "required": false,
            "id": "farmersdelight:bacon_and_eggs"
        },
        {
            "required": false,
            "id": "farmersdelight:pasta_with_meatballs"
        },
        {
            "required": false,
            "id": "farmersdelight:pasta_with_mutton_chop"
        },
        {
            "required": false,
            "id": "farmersdelight:roasted_mutton_chops"
        },
        {
            "required": false,
            "id": "farmersdelight:steak_and_potatoes"
        },
        {
            "required": false,
            "id": "farmersdelight:squid_ink_pasta"
        },
        {
            "required": false,
            "id": "farmersdelight:grilled_salmon"
        },
        {
            "required": false,
            "id": "farmersdelight:roast_chicken_block"
        },
        {
            "required": false,
            "id": "farmersdelight:roast_chicken"
        },
        {
            "required": false,
            "id": "farmersdelight:honey_glazed_ham_block"
        },
        {
            "required": false,
            "id": "farmersdelight:honey_glazed_ham"
        },
        {
            "required": false,
            "id": "farmersdelight:shepherds_pie_block"
        },
        {
            "required": false,
            "id": "farmersdelight:shepherds_pie"
        },
        {
            "required": false,
            "id": "alexsmobs:maggot"
        },
        {
            "required": false,
            "id": "alexsmobs:lobster_tail"
        },
        {
            "required": false,
            "id": "alexsmobs:cooked_lobster_tail"
        },
        {
            "required": false,
            "id": "alexsmobs:moose_ribs"
        },
        {
            "required": false,
            "id": "alexsmobs:cooked_moose_ribs"
        },
        {
            "required": false,
            "id": "alexsmobs:blobfish"
        },
        {
            "required": false,
            "id": "alexsmobs:fish_oil"
        },
        {
            "required": false,
            "id": "alexsmobs:shrimp_fried_rice"
        },
        {
            "required": false,
            "id": "alexsmobs:boiled_emu_egg"
        },
        {
            "required": false,
            "id": "alexsmobs:kangaroo_meat"
        },
        {
            "required": false,
            "id": "alexsmobs:cooked_kangaroo_meat"
        },
        {
            "required": false,
            "id": "alexsmobs:kangaroo_burger"
        },
        {
            "required": false,
            "id": "alexsmobs:gongylidia"
        },
        {
            "required": false,
            "id": "alexsmobs:cosmic_cod"
        },
        {
            "required": false,
            "id": "undergarden:raw_gwibling"
        },
        {
            "required": false,
            "id": "undergarden:cooked_gwibling"
        },
        {
            "required": false,
            "id": "artifacts:everlasting_beef"
        },
        {
            "required": false,
            "id": "artifacts:eternal_steak"
        },
        {
            "required": false,
            "id": "tconstruct:bacon"
        },
        {
            "required": false,
            "id": "undergarden:raw_dweller_meat"
        },
        {
            "required": false,
            "id": "undergarden:dweller_meat"
        },
        {
            "required": false,
            "id": "undergarden:raw_gloomper_leg"
        },
        {
            "required": false,
            "id": "undergarden:gloomper_leg"
        },
        {
            "required": false,
            "id": "undergarden:raw_gwibling"
        },
        {
            "required": false,
            "id": "undergarden:cooked_gwibling"
        },
        {
            "required": false,
            "id": "artifacts:everlasting_beef"
        },
        {
            "required": false,
            "id": "artifacts:eternal_steak"
        },
        {
            "required": false,
            "id": "tconstruct:bacon"
        },
        {
            "required": false,
            "id": "undergarden:raw_dweller_meat"
        },
        {
            "required": false,
            "id": "undergarden:dweller_meat"
        },
        {
            "required": false,
            "id": "undergarden:raw_gloomper_leg"
        },
        {
            "required": false,
            "id": "undergarden:gloomper_leg"
        }
    ]
}