{
  "replace": false,
  "values": [
    "minecraft:honeycomb",
    "minecraft:enchanted_golden_apple",
    "minecraft:golden_apple",
    "minecraft:bone",
    "minecraft:phantom_membrane",
    "minecraft:coal",
    "minecraft:charcoal",
    "minecraft:lava_bucket",
    {
      "required": false,
      "id": "farmersdelight:milk_bottle"
    },
    {
      "required": false,
      "id": "farmersdelight:hot_cocoa"
    },
    {
      "required": false,
      "id": "farmersdelight:apple_cider"
    },
    {
      "required": false,
      "id": "farmersdelight:melon_juice"
    },
    {
      "required": false,
      "id": "farmersdelight:chocolate_pie"
    },
    {
      "required": false,
      "id": "alexsmobs:rainbow_jelly"
    },
    {
      "required": false,
      "id": "occultism:datura"
    }
  ]
}