{
  "replace": false,
  "values": [
    "minecraft:cod",
    "minecraft:tropical_fish",
    "minecraft:pufferfish",
    "minecraft:salmon",
    "minecraft:cooked_cod",
    "minecraft:cooked_salmon",
    {
      "required": false,
      "id": "farmersdelight:cod_slice"
    },
    {
      "required": false,
      "id": "farmersdelight:cooked_cod_slice"
    },
    {
      "required": false,
      "id": "farmersdelight:salmon_slice"
    },
    {
      "required": false,
      "id": "farmersdelight:cooked_salmon_slice"
    },
    {
      "required": false,
      "id": "farmersdelight:fish_stew"
    },
    {
      "required": false,
      "id": "farmersdelight:baked_cod_stew"
    },
    {
      "required": false,
      "id": "farmersdelight:squid_ink_pasta"
    },
    {
      "required": false,
      "id": "farmersdelight:grilled_salmon"
    },
    {
      "required": false,
      "id": "alexsmobs:lobster_tail"
    },
    {
      "required": false,
      "id": "alexsmobs:cooked_lobster_tail"
    },
    {
      "required": false,
      "id": "alexsmobs:blobfish"
    },
    {
      "required": false,
      "id": "alexsmobs:fish_oil"
    },
    {
      "required": false,
      "id": "alexsmobs:cosmic_cod"
    },
    {
      "required": false,
      "id": "undergarden:raw_gwibling"
    },
    {
      "required": false,
      "id": "undergarden:cooked_gwibling"
    }
  ]
}