{
  "replace": false,
  "values": [
    "minecraft:rabbit_stew",
    "minecraft:mushroom_stew",
    "minecraft:beetroot_soup",
    {
      "required": false,
      "id": "farmersdelight:beef_stew"
    },
    {
      "required": false,
      "id": "farmersdelight:chicken_soup"
    },
    {
      "required": false,
      "id": "farmersdelight:vegetable_soup"
    },
    {
      "required": false,
      "id": "farmersdelight:fish_stew"
    },
    {
      "required": false,
      "id": "undergarden:bloody_stew"
    },
    {
      "required": false,
      "id": "undergarden:inky_stew"
    },
    {
      "required": false,
      "id": "undergarden:indigo_stew"
    },
    {
      "required": false,
      "id": "undergarden:veiled_stew"
    },
    {
      "required": false,
      "id": "farmersdelight:beef_stew"
    },
    {
      "required": false,
      "id": "farmersdelight:chicken_soup"
    },
    {
      "required": false,
      "id": "farmersdelight:vegetable_soup"
    },
    {
      "required": false,
      "id": "farmersdelight:fish_stew"
    },
    {
      "required": false,
      "id": "farmersdelight:pumpkin_soup"
    },
    {
      "required": false,
      "id": "farmersdelight:baked_cod_stew"
    },
    {
      "required": false,
      "id": "farmersdelight:noodle_soup"
    }
  ]
}