{
	"powers":[
		"mystbound-origins:summoned-origin/fire_immunity",
		"origin:elytra",
		"origins:launch_into_air",
		"origins:carnivore",
		"origins:fresh_air",
		"mystbound-origins:draconic-origin/high-metabolism",
		"mystbound-origins:extras/a-monster",
		"mystbound-origins:draconic-origin/large-stature",
		"mystbound-origins:draconic-origin/scales",
		"mystbound-origins:draconic-origin/endless",
		"origins:claustrophobia",
		"mystbound-origins:draconic-origin/ill-fitting-gear",
		"mystbound-origins:draconic-origin/dragon-fire",
		"mystbound-origins:draconic-origin/hydrophobic",
		"mystbound-origins:draconic-origin/hydrophobic2",
		"mystbound-origins:draconic-origin/dragon-wings",
		"mystbound-origins:extras/iron-trade"
		],
	"icon":"minecraft:dragon_head",
	"loading_priority":1,
	"impact":3,
	"name":"Dragon",
	"description":"you are a fire dragon"
}