{
	"powers":[
		"mystbound-origins:extras/a-monster",
		"mystbound-origins:extras/iron-trade",
        "mystbound-origins:gorgon-origin/cold_blooded",
        "mystbound-origins:gorgon-origin/cold-vulnerability",
        "mystbound-origins:gorgon-origin/crazed",
        "mystbound-origins:gorgon-origin/petrifying_gaze",
        "mystbound-origins:gorgon-origin/poison_blood",
        "mystbound-origins:gorgon-origin/poison_immune",
        "mystbound-origins:gorgon-origin/serpentine_form",
        "mystbound-origins:gorgon-origin/silverweapon"
		],
	"icon":"minecraft:dragon_head",
	"loading_priority":1,
	"impact":3,
	"name":"Gorgon",
	"description":"You are a Gorgon of myth, though your powers have weakened since the tales of old. Your are is still a Monster to be feared."
}