{
	"powers":[
		"mystbound-origins:summoned-origin/fire_immunity",
		"mystbound-origins:summoned-origin/hydrophobic",
		"mystbound-origins:summoned-origin/irondamage",
		"mystbound-origins:extras/a-monster",
		"mystbound-origins:summoned-origin/rawdiet",
		"mystbound-origins:summoned-origin/rottingligaments",
		"mystbound-origins:summoned-origin/silverweapon",
		"mystbound-origins:summoned-origin/sinking",
		"mystbound-origins:summoned-origin/smitedamage",
		"mystbound-origins:summoned-origin/trading",
		"mystbound-origins:summoned-origin/twelveheart",
		"mystbound-origins:summoned-origin/twoandahalfblockstall",
		"mystbound-origins:summoned-origin/undeadinvite",
		"mystbound-origins:summoned-origin/unholy",
		"mystbound-origins:summoned-origin/magicuser",
		"mystbound-origins:summoned-origin/sourcerer",
		"mystbound-origins:summoned-origin/undeadteam",
		"mystbound-origins:summoned-origin/lava-vision",
		"mystbound-origins:summoned-origin/night-vision", 
		"mystbound-origins:summoned-origin/silver",
		"mystbound-origins:extras/iron_trade"
		],
	"icon":"minecraft:cauldron",
	"loading_priority":1,
	"impact":3,
	"name":"Summoned",
	"description":"A lesser deity, summoned to the overworld. Your powers are weakened in this realm, and your flesh is cursed to rot. Your master has abandoned you, while mortals hunt for your head, seeking the divine blessings that come with killing a demon! You will never be the same again."
}