{
    "name": "Inorganic",
    "description": "you have no need to breath and are unaffected by potions and poison. You cannot sleep",
    "type": "origins:multiple",
    "no-breath": {
        "type": "origins:action_over_time",
        "entity_action": {
            "type": "origins:gain_air",
            "value": 40
        },
        "interval": 10
    },
    "no-sleep": {
        "type": "origins:prevent_sleep",
        "message": "You are a machine. You need no sleep."
    },
    "poison-and-potion-immune-1": {
        "type": "origins:effect_immunity",
        "effects": [
            "minecraft:swiftness",
            "minecraft:fire_resistance",
            "minecraft:poison",
            "minecraft:healing",
            "minecraft:harming",
            "minecraft:water_breathing",
            "minecraft:invisibility",
            "minecraft:night_vision",
            "minecraft:strength",
            "minecraft:leaping",
            "minecraft:hunger",
            "minecraft:weakness",
            "minecraft:levitation",
            "minecraft:slow_falling"
        ]
    },
    "potion-immune-2": {
        "type": "origins:effect_immunity",
        "effects": [
            "minecraft:regeneration"
        ],
        "condition": {
            "type":"origins:power_active",
            "power":"puddle-origins:warforged-origin/lava-fueled"
        }
    },
    "potion-immune-3": {
        "type": "origins:effect_immunity",
        "effects": [
            "minecraft:weakness"
        ],
        "condition": {
            "type":"origins:power_active",
            "power":"puddle-origins:warforged-origin/rust"
        }
    },
    "potion-immune-4": {
        "type": "origins:effect_immunity",
        "effects": [
            "minecraft:slowness"
        ],
        "condition": {
            "type":"origins:or",
            "conditions":[
                {
                    "type":"origins:power_active",
                    "power":"puddle-origins:warforged-origin/rust"
                },
                {
                    "type":"origins:power_active",
                    "power":"puddle-origins:warforged-origin/overheated"
                }
            ]
        }
    }
}