{
    "type": "origins:multiple",
    "health": {
        "type": "origins:attribute",
        "modifier": {
            "attribute": "minecraft:generic.max_health",
            "operation": "addition",
            "value": 20
        }
    },
    "toughness": {
        "type": "origins:attribute",
        "modifier": {
            "attribute": "minecraft:generic.armor_toughness",
            "operation": "addition",
            "value": 4
        }
    },
    "name": "Iron Shell",
    "description": " You are made of iron! You have a base health of 30 hearts and innate armor toughness"
}