{
    "type": "origins:multiple",
    "base": {
        "type": "origins:action_on_callback",
        "entity_action_added": {
            "type": "origins:execute_command",
            "command": "scale set pehkui:reach 1.5 @s",
            "permission_level": 4
        },
        "entity_action_chosen": {
            "type": "origins:execute_command",
            "command": "scale set pehkui:reach 1.5 @s",
            "permission_level": 4
        },
        "entity_action_removed": {
            "type": "origins:execute_command",
            "command": "scale reset @s",
            "permission_level": 4
        },
        "entity_action_respawned": {
            "type": "origins:execute_command",
            "command": "scale set pehkui:reach 1.5 @s",
            "permission_level": 4
        },
        "execute_chosen_when_orb": true
    },
    "cpm_fix": {
        "type": "origins:action_on_callback",
        "entity_action_added": {
            "type": "origins:delay",
            "ticks": 40,
            "action": {
                "type": "origins:execute_command",
                "command": "scale set pehkui:reach 1.5 @s",
                "permission_level": 4
            }
        },
        "entity_action_respawned": {
            "type": "origins:delay",
            "ticks": 40,
            "action": {
                "type": "origins:execute_command",
                "command": "scale set pehkui:reach 1.5 @s",
                "permission_level": 4
            }
        }
    },
    "name": "Long Arms",
    "description": "You have an increased reach"
}