{
    "type": "origins:active_self",
    "entity_action": {
      "type": "origins:execute_command",
      "command": "execute as @s run function mystbound-origins:iron_golem_throw"
    },
    "cooldown": 400, 
    "hud_render": {
      "should_render": true,
      "sprite_location": "origins:textures/gui/community/huang/resource_bar_02.png",
      "bar_index": 2
    },
    "key": {
      "key": "key.origins.attack"
    },
    "name": "YEET",
    "description": "every 20 seconds you can perform an iron golem throw attack"
  }
  