{
    "replace": false,
    "values": [
        "minecraft:coal_ore",
        "minecraft:iron_ore",
        "minecraft:gold_ore",
        "minecraft:redstone_ore",
        "minecraft:emerald_ore",
        "minecraft:lapis_ore",
        "minecraft:diamond_ore",
        "minecraft:nether_quartz_ore",
        "minecraft:nether_gold_ore",
        {
            "required": false,
            "id": "minecraft:deepslate_coal_ore"
        },
        {
            "required": false,
            "id": "minecraft:deepslate_iron_ore"
        },
        {
            "required": false,
            "id": "minecraft:deepslate_copper_ore"
        },
        {
            "required": false,
            "id": "minecraft:deepslate_gold_ore"
        },
        {
            "required": false,
            "id": "minecraft:deepslate_redstone_ore"
        },
        {
            "required": false,
            "id": "minecraft:deepslate_emerald_ore"
        },
        {
            "required": false,
            "id": "minecraft:deepslate_lapis_ore"
        },
        {
            "required": false,
            "id": "minecraft:deepslate_diamond_ore"
        },
        {
            "required": false,
            "id": "minecraft:copper_ore"
        },
        {
            "required": false,
            "id": "tconstruct:cobalt_ore"
        },
        {
            "required": false,
            "id": "occultism:silver_ore"
        },
        {
            "required": false,
            "id": "occultism:silver_ore_deepslate"
        },
        {
            "required": false,
            "id": "petrock:stoneium_ore"
        },
        {
            "required": false,
            "id": "petrock:deepslate_stoneium_ore"
        },
        {
            "required": false,
            "id": "undergarden:depthrock_coal_ore"
        },
        {
            "required": false,
            "id": "undergarden:shiverstone_coal_ore"
        },
        {
            "required": false,
            "id": "undergarden:depthrock_iron_ore"
        },
        {
            "required": false,
            "id": "undergarden:depthrock_diamond_ore"
        },
        {
            "required": false,
            "id": "undergarden:shiverstone_iron_ore"
        },
        {
            "required": false,
            "id": "undergarden:shiverstone_diamond_ore"
        },
        {
            "required": false,
            "id": "undergarden:depthrock_cloggrum_ore"
        },
        {
            "required": false,
            "id": "undergarden:shiverstone_cloggrum_ore"
        },
        {
            "required": false,
            "id": "undergarden:shiverstone_froststeel_ore"
        },
        {
            "required": false,
            "id": "undergarden:depthrock_utherium_ore"
        },
        {
            "required": false,
            "id": "undergarden:tremblecrust_utherium_ore"
        },
        {
            "required": false,
            "id": "undergarden:depthrock_regalium_ore"
        },
        {
            "required": false,
            "id": "undergarden:shiverstone_regalium_ore"
        },
        {
            "required": false,
            "id": "undergarden:depthrock_gold_ore"
        }
    ]
}