{
    "type":"origins:fire_projectile",
    "entity_type":"minecraft:small_fireball",
    "cooldown":300,
    "hud_render": {
        "should_render":true,
        "sprite_location":"origins:textures/gui/community/huang/resource_bar_02.png",
        "bar_index":15,
        "condition": {
            "type":"origins:power_active",
            "power":"mystbound-origins:draconic-origin/dragon-fire"
        }
    },
    "sound":"minecraft:entity.blaze.shoot",
    "key": {
        "key": "key.origins.secondary_active"
    },
    "count":1,
    "name":"Dragon fire",
    "description":"You can shoot a small fireball once in a while"
}