{
    "type": "origins:restrict_armor",
    "head": {
        "type": "origins:armor_value",
        "comparison": ">",
        "compare_to": 2
    },
    "chest": {
        "type": "origins:armor_value",
        "comparison": ">",
        "compare_to": 5
    },
    "legs": {
        "type": "origins:armor_value",
        "comparison": ">",
        "compare_to": 4
    },
    "feet": {
        "type": "origins:armor_value",
        "comparison": ">",
        "compare_to": 1
    },
    "name":"Lightweight",
    "description":"You cant wear armor heavier than chainmail"
}